[
{"count": "498", "url": "https://www.petrolprices.com/brands/gulf-fuel/", "all": 498},
{"count": "79", "url": "https://www.petrolprices.com/brands/harvest-energy/", "all": 577},
{"count": "330", "url": "https://www.petrolprices.com/brands/jet-fuel/", "all": 907},
{"count": "1156", "url": "https://www.petrolprices.com/brands/esso/", "all": 2063},
{"count": "756", "url": "https://www.petrolprices.com/brands/texaco/", "all": 2819},
{"count": "1200", "url": "https://www.petrolprices.com/brands/bp/", "all": 4019},
{"count": "319", "url": "https://www.petrolprices.com/brands/asda/", "all": 4338},
{"count": "336", "url": "https://www.petrolprices.com/brands/morrisons/", "all": 4674},
{"count": "311", "url": "https://www.petrolprices.com/brands/sainsburys/", "all": 4985},
{"count": "1056", "url": "https://www.petrolprices.com/brands/shell/", "all": 6041},
{"count": "272", "url": "https://www.petrolprices.com/brands/tesco/", "all": 6313}
]